Geopolitic,Year,Month,Adjusted_Unemployed_000s,Adjusted_Unemployment_Rate
Cyprus,2025,1,23,4.5
Euro area,2025,1,10890,6.3
European,2025,1,13132,6.0
Greece,2025,1,458,9.7
Romania,2025,1,481,5.9
Cyprus,2025,2,23,4.5
Euro area,2025,2,10899,6.3
European,2025,2,13084,5.9
Greece,2025,2,440,9.3
Romania,2025,2,489,6.0
Cyprus,2025,3,24,4.6
Euro area,2025,3,11047,6.4
European,2025,3,13241,6.0
Greece,2025,3,451,9.5
Romania,2025,3,491,6.0
Cyprus,2025,4,23,4.5
Euro area,2025,4,10917,6.3
European,2025,4,13133,5.9
Greece,2025,4,423,8.9
Romania,2025,4,491,6.0
Cyprus,2025,5,23,4.5
Euro area,2025,5,11040,6.4
European,2025,5,13241,6.0
Greece,2025,5,407,8.6
Romania,2025,5,495,6.1
Cyprus,2025,6,23,4.4
Euro area,2025,6,11052,6.4
European,2025,6,13279,6.0
Greece,2025,6,438,9.2
Romania,2025,6,490,6.0
Cyprus,2025,7,23,4.4
Euro area,2025,7,11004,6.4
European,2025,7,13264,6.0
Greece,2025,7,421,8.9
Romania,2025,7,491,6.0
Cyprus,2025,8,23,4.3
Euro area,2025,8,11010,6.4
European,2025,8,13296,6.0
Greece,2025,8,412,8.6
Romania,2025,8,503,6.1
Cyprus,2025,9,22,4.2
Euro area,2025,9,11046,6.4
European,2025,9,13319,6.0
Greece,2025,9,410,8.7
Romania,2025,9,497,6.1
Cyprus,2025,10,22,4.2
Euro area,2025,10,11033,6.4
European,2025,10,13351,6.0
Greece,2025,10,411,8.6
Romania,2025,10,487,5.9
