DATAFLOW,LAST UPDATE,freq,unit,s_adj,na_item,geo,TIME_PERIOD,OBS_VALUE,OBS_FLAG,CONF_STATUS
ESTAT:NAMQ_10_GDP(1.0),06/01/26 23:00:00,Q,CLV20_MEUR,SCA,B1GQ,CY,2024-Q1,7192.6,,
ESTAT:NAMQ_10_GDP(1.0),06/01/26 23:00:00,Q,CLV20_MEUR,SCA,B1GQ,CY,2024-Q2,7226.5,,
ESTAT:NAMQ_10_GDP(1.0),06/01/26 23:00:00,Q,CLV20_MEUR,SCA,B1GQ,CY,2024-Q3,7291.4,,
ESTAT:NAMQ_10_GDP(1.0),06/01/26 23:00:00,Q,CLV20_MEUR,SCA,B1GQ,CY,2024-Q4,7354.0,,
ESTAT:NAMQ_10_GDP(1.0),06/01/26 23:00:00,Q,CLV20_MEUR,SCA,B1GQ,CY,2025-Q1,7436.5,,
ESTAT:NAMQ_10_GDP(1.0),06/01/26 23:00:00,Q,CLV20_MEUR,SCA,B1GQ,CY,2025-Q2,7488.8,,
ESTAT:NAMQ_10_GDP(1.0),06/01/26 23:00:00,Q,CLV20_MEUR,SCA,B1GQ,CY,2025-Q3,7553.6,,
ESTAT:NAMQ_10_GDP(1.0),06/01/26 23:00:00,Q,CLV20_MEUR,SCA,B1GQ,EA,2024-Q1,3229740.2,,
ESTAT:NAMQ_10_GDP(1.0),06/01/26 23:00:00,Q,CLV20_MEUR,SCA,B1GQ,EA,2024-Q2,3237118.1,,
ESTAT:NAMQ_10_GDP(1.0),06/01/26 23:00:00,Q,CLV20_MEUR,SCA,B1GQ,EA,2024-Q3,3251665.2,,
ESTAT:NAMQ_10_GDP(1.0),06/01/26 23:00:00,Q,CLV20_MEUR,SCA,B1GQ,EA,2024-Q4,3264166.6,,
ESTAT:NAMQ_10_GDP(1.0),06/01/26 23:00:00,Q,CLV20_MEUR,SCA,B1GQ,EA,2025-Q1,3282502.8,,
ESTAT:NAMQ_10_GDP(1.0),06/01/26 23:00:00,Q,CLV20_MEUR,SCA,B1GQ,EA,2025-Q2,3287355.0,,
ESTAT:NAMQ_10_GDP(1.0),06/01/26 23:00:00,Q,CLV20_MEUR,SCA,B1GQ,EA,2025-Q3,3296013.2,,
ESTAT:NAMQ_10_GDP(1.0),06/01/26 23:00:00,Q,CLV20_MEUR,SCA,B1GQ,EA12,2024-Q1,3132697.7,,
ESTAT:NAMQ_10_GDP(1.0),06/01/26 23:00:00,Q,CLV20_MEUR,SCA,B1GQ,EA12,2024-Q2,3139641.3,,
ESTAT:NAMQ_10_GDP(1.0),06/01/26 23:00:00,Q,CLV20_MEUR,SCA,B1GQ,EA12,2024-Q3,3153725.8,,
ESTAT:NAMQ_10_GDP(1.0),06/01/26 23:00:00,Q,CLV20_MEUR,SCA,B1GQ,EA12,2024-Q4,3165553.9,,
ESTAT:NAMQ_10_GDP(1.0),06/01/26 23:00:00,Q,CLV20_MEUR,SCA,B1GQ,EA12,2025-Q1,3183727.3,,
ESTAT:NAMQ_10_GDP(1.0),06/01/26 23:00:00,Q,CLV20_MEUR,SCA,B1GQ,EA12,2025-Q2,3187995.0,,
ESTAT:NAMQ_10_GDP(1.0),06/01/26 23:00:00,Q,CLV20_MEUR,SCA,B1GQ,EA12,2025-Q3,3196258.8,,
ESTAT:NAMQ_10_GDP(1.0),06/01/26 23:00:00,Q,CLV20_MEUR,SCA,B1GQ,EA19,2024-Q1,3213448.2,,
ESTAT:NAMQ_10_GDP(1.0),06/01/26 23:00:00,Q,CLV20_MEUR,SCA,B1GQ,EA19,2024-Q2,3220634.0,,
ESTAT:NAMQ_10_GDP(1.0),06/01/26 23:00:00,Q,CLV20_MEUR,SCA,B1GQ,EA19,2024-Q3,3235009.3,,
ESTAT:NAMQ_10_GDP(1.0),06/01/26 23:00:00,Q,CLV20_MEUR,SCA,B1GQ,EA19,2024-Q4,3247335.2,,
ESTAT:NAMQ_10_GDP(1.0),06/01/26 23:00:00,Q,CLV20_MEUR,SCA,B1GQ,EA19,2025-Q1,3265603.4,,
ESTAT:NAMQ_10_GDP(1.0),06/01/26 23:00:00,Q,CLV20_MEUR,SCA,B1GQ,EA19,2025-Q2,3270289.3,,
ESTAT:NAMQ_10_GDP(1.0),06/01/26 23:00:00,Q,CLV20_MEUR,SCA,B1GQ,EA19,2025-Q3,3278899.3,,
ESTAT:NAMQ_10_GDP(1.0),06/01/26 23:00:00,Q,CLV20_MEUR,SCA,B1GQ,EA20,2024-Q1,3229740.2,,
ESTAT:NAMQ_10_GDP(1.0),06/01/26 23:00:00,Q,CLV20_MEUR,SCA,B1GQ,EA20,2024-Q2,3237118.1,,
ESTAT:NAMQ_10_GDP(1.0),06/01/26 23:00:00,Q,CLV20_MEUR,SCA,B1GQ,EA20,2024-Q3,3251665.2,,
ESTAT:NAMQ_10_GDP(1.0),06/01/26 23:00:00,Q,CLV20_MEUR,SCA,B1GQ,EA20,2024-Q4,3264166.6,,
ESTAT:NAMQ_10_GDP(1.0),06/01/26 23:00:00,Q,CLV20_MEUR,SCA,B1GQ,EA20,2025-Q1,3282502.8,,
ESTAT:NAMQ_10_GDP(1.0),06/01/26 23:00:00,Q,CLV20_MEUR,SCA,B1GQ,EA20,2025-Q2,3287355.0,,
ESTAT:NAMQ_10_GDP(1.0),06/01/26 23:00:00,Q,CLV20_MEUR,SCA,B1GQ,EA20,2025-Q3,3296013.2,,
ESTAT:NAMQ_10_GDP(1.0),06/01/26 23:00:00,Q,CLV20_MEUR,SCA,B1GQ,EL,2024-Q1,49430.0,p,
ESTAT:NAMQ_10_GDP(1.0),06/01/26 23:00:00,Q,CLV20_MEUR,SCA,B1GQ,EL,2024-Q2,49989.4,p,
ESTAT:NAMQ_10_GDP(1.0),06/01/26 23:00:00,Q,CLV20_MEUR,SCA,B1GQ,EL,2024-Q3,50132.2,p,
ESTAT:NAMQ_10_GDP(1.0),06/01/26 23:00:00,Q,CLV20_MEUR,SCA,B1GQ,EL,2024-Q4,50439.3,p,
ESTAT:NAMQ_10_GDP(1.0),06/01/26 23:00:00,Q,CLV20_MEUR,SCA,B1GQ,EL,2025-Q1,50604.5,p,
ESTAT:NAMQ_10_GDP(1.0),06/01/26 23:00:00,Q,CLV20_MEUR,SCA,B1GQ,EL,2025-Q2,50812.3,p,
ESTAT:NAMQ_10_GDP(1.0),06/01/26 23:00:00,Q,CLV20_MEUR,SCA,B1GQ,EL,2025-Q3,51119.2,p,
ESTAT:NAMQ_10_GDP(1.0),06/01/26 23:00:00,Q,CLV20_MEUR,SCA,B1GQ,EU27_2020,2024-Q1,3773649.7,,
ESTAT:NAMQ_10_GDP(1.0),06/01/26 23:00:00,Q,CLV20_MEUR,SCA,B1GQ,EU27_2020,2024-Q2,3784636.6,,
ESTAT:NAMQ_10_GDP(1.0),06/01/26 23:00:00,Q,CLV20_MEUR,SCA,B1GQ,EU27_2020,2024-Q3,3801102.9,,
ESTAT:NAMQ_10_GDP(1.0),06/01/26 23:00:00,Q,CLV20_MEUR,SCA,B1GQ,EU27_2020,2024-Q4,3819426.7,,
ESTAT:NAMQ_10_GDP(1.0),06/01/26 23:00:00,Q,CLV20_MEUR,SCA,B1GQ,EU27_2020,2025-Q1,3838200.0,,
ESTAT:NAMQ_10_GDP(1.0),06/01/26 23:00:00,Q,CLV20_MEUR,SCA,B1GQ,EU27_2020,2025-Q2,3847912.5,,
ESTAT:NAMQ_10_GDP(1.0),06/01/26 23:00:00,Q,CLV20_MEUR,SCA,B1GQ,EU27_2020,2025-Q3,3861787.3,,
ESTAT:NAMQ_10_GDP(1.0),06/01/26 23:00:00,Q,CLV20_MEUR,SCA,B1GQ,RO,2024-Q1,62335.8,p,
ESTAT:NAMQ_10_GDP(1.0),06/01/26 23:00:00,Q,CLV20_MEUR,SCA,B1GQ,RO,2024-Q2,62068.0,p,
ESTAT:NAMQ_10_GDP(1.0),06/01/26 23:00:00,Q,CLV20_MEUR,SCA,B1GQ,RO,2024-Q3,62418.8,p,
ESTAT:NAMQ_10_GDP(1.0),06/01/26 23:00:00,Q,CLV20_MEUR,SCA,B1GQ,RO,2024-Q4,62746.4,p,
ESTAT:NAMQ_10_GDP(1.0),06/01/26 23:00:00,Q,CLV20_MEUR,SCA,B1GQ,RO,2025-Q1,62779.6,p,
ESTAT:NAMQ_10_GDP(1.0),06/01/26 23:00:00,Q,CLV20_MEUR,SCA,B1GQ,RO,2025-Q2,63434.0,p,
ESTAT:NAMQ_10_GDP(1.0),06/01/26 23:00:00,Q,CLV20_MEUR,SCA,B1GQ,RO,2025-Q3,63293.4,p,
ESTAT:NAMQ_10_GDP(1.0),06/01/26 23:00:00,Q,CLV_PCH_PRE,SCA,B1GQ,CY,2024-Q1,1.4,,
ESTAT:NAMQ_10_GDP(1.0),06/01/26 23:00:00,Q,CLV_PCH_PRE,SCA,B1GQ,CY,2024-Q2,0.5,,
ESTAT:NAMQ_10_GDP(1.0),06/01/26 23:00:00,Q,CLV_PCH_PRE,SCA,B1GQ,CY,2024-Q3,0.9,,
ESTAT:NAMQ_10_GDP(1.0),06/01/26 23:00:00,Q,CLV_PCH_PRE,SCA,B1GQ,CY,2024-Q4,0.9,,
ESTAT:NAMQ_10_GDP(1.0),06/01/26 23:00:00,Q,CLV_PCH_PRE,SCA,B1GQ,CY,2025-Q1,1.1,,
ESTAT:NAMQ_10_GDP(1.0),06/01/26 23:00:00,Q,CLV_PCH_PRE,SCA,B1GQ,CY,2025-Q2,0.7,,
ESTAT:NAMQ_10_GDP(1.0),06/01/26 23:00:00,Q,CLV_PCH_PRE,SCA,B1GQ,CY,2025-Q3,0.9,,
ESTAT:NAMQ_10_GDP(1.0),06/01/26 23:00:00,Q,CLV_PCH_PRE,SCA,B1GQ,EA,2024-Q1,0.3,,
ESTAT:NAMQ_10_GDP(1.0),06/01/26 23:00:00,Q,CLV_PCH_PRE,SCA,B1GQ,EA,2024-Q2,0.2,,
ESTAT:NAMQ_10_GDP(1.0),06/01/26 23:00:00,Q,CLV_PCH_PRE,SCA,B1GQ,EA,2024-Q3,0.4,,
ESTAT:NAMQ_10_GDP(1.0),06/01/26 23:00:00,Q,CLV_PCH_PRE,SCA,B1GQ,EA,2024-Q4,0.4,,
ESTAT:NAMQ_10_GDP(1.0),06/01/26 23:00:00,Q,CLV_PCH_PRE,SCA,B1GQ,EA,2025-Q1,0.6,,
ESTAT:NAMQ_10_GDP(1.0),06/01/26 23:00:00,Q,CLV_PCH_PRE,SCA,B1GQ,EA,2025-Q2,0.1,,
ESTAT:NAMQ_10_GDP(1.0),06/01/26 23:00:00,Q,CLV_PCH_PRE,SCA,B1GQ,EA,2025-Q3,0.3,,
ESTAT:NAMQ_10_GDP(1.0),06/01/26 23:00:00,Q,CLV_PCH_PRE,SCA,B1GQ,EA12,2024-Q1,0.3,,
ESTAT:NAMQ_10_GDP(1.0),06/01/26 23:00:00,Q,CLV_PCH_PRE,SCA,B1GQ,EA12,2024-Q2,0.2,,
ESTAT:NAMQ_10_GDP(1.0),06/01/26 23:00:00,Q,CLV_PCH_PRE,SCA,B1GQ,EA12,2024-Q3,0.4,,
ESTAT:NAMQ_10_GDP(1.0),06/01/26 23:00:00,Q,CLV_PCH_PRE,SCA,B1GQ,EA12,2024-Q4,0.4,,
ESTAT:NAMQ_10_GDP(1.0),06/01/26 23:00:00,Q,CLV_PCH_PRE,SCA,B1GQ,EA12,2025-Q1,0.6,,
ESTAT:NAMQ_10_GDP(1.0),06/01/26 23:00:00,Q,CLV_PCH_PRE,SCA,B1GQ,EA12,2025-Q2,0.1,,
ESTAT:NAMQ_10_GDP(1.0),06/01/26 23:00:00,Q,CLV_PCH_PRE,SCA,B1GQ,EA12,2025-Q3,0.3,,
ESTAT:NAMQ_10_GDP(1.0),06/01/26 23:00:00,Q,CLV_PCH_PRE,SCA,B1GQ,EA19,2024-Q1,0.3,,
ESTAT:NAMQ_10_GDP(1.0),06/01/26 23:00:00,Q,CLV_PCH_PRE,SCA,B1GQ,EA19,2024-Q2,0.2,,
ESTAT:NAMQ_10_GDP(1.0),06/01/26 23:00:00,Q,CLV_PCH_PRE,SCA,B1GQ,EA19,2024-Q3,0.4,,
ESTAT:NAMQ_10_GDP(1.0),06/01/26 23:00:00,Q,CLV_PCH_PRE,SCA,B1GQ,EA19,2024-Q4,0.4,,
ESTAT:NAMQ_10_GDP(1.0),06/01/26 23:00:00,Q,CLV_PCH_PRE,SCA,B1GQ,EA19,2025-Q1,0.6,,
ESTAT:NAMQ_10_GDP(1.0),06/01/26 23:00:00,Q,CLV_PCH_PRE,SCA,B1GQ,EA19,2025-Q2,0.1,,
ESTAT:NAMQ_10_GDP(1.0),06/01/26 23:00:00,Q,CLV_PCH_PRE,SCA,B1GQ,EA19,2025-Q3,0.3,,
ESTAT:NAMQ_10_GDP(1.0),06/01/26 23:00:00,Q,CLV_PCH_PRE,SCA,B1GQ,EA20,2024-Q1,0.3,,
ESTAT:NAMQ_10_GDP(1.0),06/01/26 23:00:00,Q,CLV_PCH_PRE,SCA,B1GQ,EA20,2024-Q2,0.2,,
ESTAT:NAMQ_10_GDP(1.0),06/01/26 23:00:00,Q,CLV_PCH_PRE,SCA,B1GQ,EA20,2024-Q3,0.4,,
ESTAT:NAMQ_10_GDP(1.0),06/01/26 23:00:00,Q,CLV_PCH_PRE,SCA,B1GQ,EA20,2024-Q4,0.4,,
ESTAT:NAMQ_10_GDP(1.0),06/01/26 23:00:00,Q,CLV_PCH_PRE,SCA,B1GQ,EA20,2025-Q1,0.6,,
ESTAT:NAMQ_10_GDP(1.0),06/01/26 23:00:00,Q,CLV_PCH_PRE,SCA,B1GQ,EA20,2025-Q2,0.1,,
ESTAT:NAMQ_10_GDP(1.0),06/01/26 23:00:00,Q,CLV_PCH_PRE,SCA,B1GQ,EA20,2025-Q3,0.3,,
ESTAT:NAMQ_10_GDP(1.0),06/01/26 23:00:00,Q,CLV_PCH_PRE,SCA,B1GQ,EL,2024-Q1,0.2,p,
ESTAT:NAMQ_10_GDP(1.0),06/01/26 23:00:00,Q,CLV_PCH_PRE,SCA,B1GQ,EL,2024-Q2,1.1,p,
ESTAT:NAMQ_10_GDP(1.0),06/01/26 23:00:00,Q,CLV_PCH_PRE,SCA,B1GQ,EL,2024-Q3,0.3,p,
ESTAT:NAMQ_10_GDP(1.0),06/01/26 23:00:00,Q,CLV_PCH_PRE,SCA,B1GQ,EL,2024-Q4,0.6,p,
ESTAT:NAMQ_10_GDP(1.0),06/01/26 23:00:00,Q,CLV_PCH_PRE,SCA,B1GQ,EL,2025-Q1,0.3,p,
ESTAT:NAMQ_10_GDP(1.0),06/01/26 23:00:00,Q,CLV_PCH_PRE,SCA,B1GQ,EL,2025-Q2,0.4,p,
ESTAT:NAMQ_10_GDP(1.0),06/01/26 23:00:00,Q,CLV_PCH_PRE,SCA,B1GQ,EL,2025-Q3,0.6,p,
ESTAT:NAMQ_10_GDP(1.0),06/01/26 23:00:00,Q,CLV_PCH_PRE,SCA,B1GQ,EU27_2020,2024-Q1,0.3,,
ESTAT:NAMQ_10_GDP(1.0),06/01/26 23:00:00,Q,CLV_PCH_PRE,SCA,B1GQ,EU27_2020,2024-Q2,0.3,,
ESTAT:NAMQ_10_GDP(1.0),06/01/26 23:00:00,Q,CLV_PCH_PRE,SCA,B1GQ,EU27_2020,2024-Q3,0.4,,
ESTAT:NAMQ_10_GDP(1.0),06/01/26 23:00:00,Q,CLV_PCH_PRE,SCA,B1GQ,EU27_2020,2024-Q4,0.5,,
ESTAT:NAMQ_10_GDP(1.0),06/01/26 23:00:00,Q,CLV_PCH_PRE,SCA,B1GQ,EU27_2020,2025-Q1,0.5,,
ESTAT:NAMQ_10_GDP(1.0),06/01/26 23:00:00,Q,CLV_PCH_PRE,SCA,B1GQ,EU27_2020,2025-Q2,0.3,,
ESTAT:NAMQ_10_GDP(1.0),06/01/26 23:00:00,Q,CLV_PCH_PRE,SCA,B1GQ,EU27_2020,2025-Q3,0.4,,
ESTAT:NAMQ_10_GDP(1.0),06/01/26 23:00:00,Q,CLV_PCH_PRE,SCA,B1GQ,RO,2024-Q1,0.0,p,
ESTAT:NAMQ_10_GDP(1.0),06/01/26 23:00:00,Q,CLV_PCH_PRE,SCA,B1GQ,RO,2024-Q2,-0.4,p,
ESTAT:NAMQ_10_GDP(1.0),06/01/26 23:00:00,Q,CLV_PCH_PRE,SCA,B1GQ,RO,2024-Q3,0.6,p,
ESTAT:NAMQ_10_GDP(1.0),06/01/26 23:00:00,Q,CLV_PCH_PRE,SCA,B1GQ,RO,2024-Q4,0.5,p,
ESTAT:NAMQ_10_GDP(1.0),06/01/26 23:00:00,Q,CLV_PCH_PRE,SCA,B1GQ,RO,2025-Q1,0.1,p,
ESTAT:NAMQ_10_GDP(1.0),06/01/26 23:00:00,Q,CLV_PCH_PRE,SCA,B1GQ,RO,2025-Q2,1.0,p,
ESTAT:NAMQ_10_GDP(1.0),06/01/26 23:00:00,Q,CLV_PCH_PRE,SCA,B1GQ,RO,2025-Q3,-0.2,p,
ESTAT:NAMQ_10_GDP(1.0),06/01/26 23:00:00,Q,CLV_PCH_SM,SCA,B1GQ,CY,2024-Q1,4.3,,
ESTAT:NAMQ_10_GDP(1.0),06/01/26 23:00:00,Q,CLV_PCH_SM,SCA,B1GQ,CY,2024-Q2,3.7,,
ESTAT:NAMQ_10_GDP(1.0),06/01/26 23:00:00,Q,CLV_PCH_SM,SCA,B1GQ,CY,2024-Q3,4.1,,
ESTAT:NAMQ_10_GDP(1.0),06/01/26 23:00:00,Q,CLV_PCH_SM,SCA,B1GQ,CY,2024-Q4,3.7,,
ESTAT:NAMQ_10_GDP(1.0),06/01/26 23:00:00,Q,CLV_PCH_SM,SCA,B1GQ,CY,2025-Q1,3.4,,
ESTAT:NAMQ_10_GDP(1.0),06/01/26 23:00:00,Q,CLV_PCH_SM,SCA,B1GQ,CY,2025-Q2,3.6,,
ESTAT:NAMQ_10_GDP(1.0),06/01/26 23:00:00,Q,CLV_PCH_SM,SCA,B1GQ,CY,2025-Q3,3.6,,
ESTAT:NAMQ_10_GDP(1.0),06/01/26 23:00:00,Q,CLV_PCH_SM,SCA,B1GQ,EA,2024-Q1,0.5,,
ESTAT:NAMQ_10_GDP(1.0),06/01/26 23:00:00,Q,CLV_PCH_SM,SCA,B1GQ,EA,2024-Q2,0.5,,
ESTAT:NAMQ_10_GDP(1.0),06/01/26 23:00:00,Q,CLV_PCH_SM,SCA,B1GQ,EA,2024-Q3,1.0,,
ESTAT:NAMQ_10_GDP(1.0),06/01/26 23:00:00,Q,CLV_PCH_SM,SCA,B1GQ,EA,2024-Q4,1.3,,
ESTAT:NAMQ_10_GDP(1.0),06/01/26 23:00:00,Q,CLV_PCH_SM,SCA,B1GQ,EA,2025-Q1,1.6,,
ESTAT:NAMQ_10_GDP(1.0),06/01/26 23:00:00,Q,CLV_PCH_SM,SCA,B1GQ,EA,2025-Q2,1.6,,
ESTAT:NAMQ_10_GDP(1.0),06/01/26 23:00:00,Q,CLV_PCH_SM,SCA,B1GQ,EA,2025-Q3,1.4,,
ESTAT:NAMQ_10_GDP(1.0),06/01/26 23:00:00,Q,CLV_PCH_SM,SCA,B1GQ,EA12,2024-Q1,0.4,,
ESTAT:NAMQ_10_GDP(1.0),06/01/26 23:00:00,Q,CLV_PCH_SM,SCA,B1GQ,EA12,2024-Q2,0.5,,
ESTAT:NAMQ_10_GDP(1.0),06/01/26 23:00:00,Q,CLV_PCH_SM,SCA,B1GQ,EA12,2024-Q3,1.0,,
ESTAT:NAMQ_10_GDP(1.0),06/01/26 23:00:00,Q,CLV_PCH_SM,SCA,B1GQ,EA12,2024-Q4,1.3,,
ESTAT:NAMQ_10_GDP(1.0),06/01/26 23:00:00,Q,CLV_PCH_SM,SCA,B1GQ,EA12,2025-Q1,1.6,,
ESTAT:NAMQ_10_GDP(1.0),06/01/26 23:00:00,Q,CLV_PCH_SM,SCA,B1GQ,EA12,2025-Q2,1.5,,
ESTAT:NAMQ_10_GDP(1.0),06/01/26 23:00:00,Q,CLV_PCH_SM,SCA,B1GQ,EA12,2025-Q3,1.3,,
ESTAT:NAMQ_10_GDP(1.0),06/01/26 23:00:00,Q,CLV_PCH_SM,SCA,B1GQ,EA19,2024-Q1,0.5,,
ESTAT:NAMQ_10_GDP(1.0),06/01/26 23:00:00,Q,CLV_PCH_SM,SCA,B1GQ,EA19,2024-Q2,0.5,,
ESTAT:NAMQ_10_GDP(1.0),06/01/26 23:00:00,Q,CLV_PCH_SM,SCA,B1GQ,EA19,2024-Q3,1.0,,
ESTAT:NAMQ_10_GDP(1.0),06/01/26 23:00:00,Q,CLV_PCH_SM,SCA,B1GQ,EA19,2024-Q4,1.3,,
ESTAT:NAMQ_10_GDP(1.0),06/01/26 23:00:00,Q,CLV_PCH_SM,SCA,B1GQ,EA19,2025-Q1,1.6,,
ESTAT:NAMQ_10_GDP(1.0),06/01/26 23:00:00,Q,CLV_PCH_SM,SCA,B1GQ,EA19,2025-Q2,1.5,,
ESTAT:NAMQ_10_GDP(1.0),06/01/26 23:00:00,Q,CLV_PCH_SM,SCA,B1GQ,EA19,2025-Q3,1.4,,
ESTAT:NAMQ_10_GDP(1.0),06/01/26 23:00:00,Q,CLV_PCH_SM,SCA,B1GQ,EA20,2024-Q1,0.5,,
ESTAT:NAMQ_10_GDP(1.0),06/01/26 23:00:00,Q,CLV_PCH_SM,SCA,B1GQ,EA20,2024-Q2,0.5,,
ESTAT:NAMQ_10_GDP(1.0),06/01/26 23:00:00,Q,CLV_PCH_SM,SCA,B1GQ,EA20,2024-Q3,1.0,,
ESTAT:NAMQ_10_GDP(1.0),06/01/26 23:00:00,Q,CLV_PCH_SM,SCA,B1GQ,EA20,2024-Q4,1.3,,
ESTAT:NAMQ_10_GDP(1.0),06/01/26 23:00:00,Q,CLV_PCH_SM,SCA,B1GQ,EA20,2025-Q1,1.6,,
ESTAT:NAMQ_10_GDP(1.0),06/01/26 23:00:00,Q,CLV_PCH_SM,SCA,B1GQ,EA20,2025-Q2,1.6,,
ESTAT:NAMQ_10_GDP(1.0),06/01/26 23:00:00,Q,CLV_PCH_SM,SCA,B1GQ,EA20,2025-Q3,1.4,,
ESTAT:NAMQ_10_GDP(1.0),06/01/26 23:00:00,Q,CLV_PCH_SM,SCA,B1GQ,EL,2024-Q1,1.8,p,
ESTAT:NAMQ_10_GDP(1.0),06/01/26 23:00:00,Q,CLV_PCH_SM,SCA,B1GQ,EL,2024-Q2,1.8,p,
ESTAT:NAMQ_10_GDP(1.0),06/01/26 23:00:00,Q,CLV_PCH_SM,SCA,B1GQ,EL,2024-Q3,2.4,p,
ESTAT:NAMQ_10_GDP(1.0),06/01/26 23:00:00,Q,CLV_PCH_SM,SCA,B1GQ,EL,2024-Q4,2.3,p,
ESTAT:NAMQ_10_GDP(1.0),06/01/26 23:00:00,Q,CLV_PCH_SM,SCA,B1GQ,EL,2025-Q1,2.4,p,
ESTAT:NAMQ_10_GDP(1.0),06/01/26 23:00:00,Q,CLV_PCH_SM,SCA,B1GQ,EL,2025-Q2,1.6,p,
ESTAT:NAMQ_10_GDP(1.0),06/01/26 23:00:00,Q,CLV_PCH_SM,SCA,B1GQ,EL,2025-Q3,2.0,p,
ESTAT:NAMQ_10_GDP(1.0),06/01/26 23:00:00,Q,CLV_PCH_SM,SCA,B1GQ,EU27_2020,2024-Q1,0.6,,
ESTAT:NAMQ_10_GDP(1.0),06/01/26 23:00:00,Q,CLV_PCH_SM,SCA,B1GQ,EU27_2020,2024-Q2,0.8,,
ESTAT:NAMQ_10_GDP(1.0),06/01/26 23:00:00,Q,CLV_PCH_SM,SCA,B1GQ,EU27_2020,2024-Q3,1.1,,
ESTAT:NAMQ_10_GDP(1.0),06/01/26 23:00:00,Q,CLV_PCH_SM,SCA,B1GQ,EU27_2020,2024-Q4,1.5,,
ESTAT:NAMQ_10_GDP(1.0),06/01/26 23:00:00,Q,CLV_PCH_SM,SCA,B1GQ,EU27_2020,2025-Q1,1.7,,
ESTAT:NAMQ_10_GDP(1.0),06/01/26 23:00:00,Q,CLV_PCH_SM,SCA,B1GQ,EU27_2020,2025-Q2,1.7,,
ESTAT:NAMQ_10_GDP(1.0),06/01/26 23:00:00,Q,CLV_PCH_SM,SCA,B1GQ,EU27_2020,2025-Q3,1.6,,
ESTAT:NAMQ_10_GDP(1.0),06/01/26 23:00:00,Q,CLV_PCH_SM,SCA,B1GQ,RO,2024-Q1,2.1,p,
ESTAT:NAMQ_10_GDP(1.0),06/01/26 23:00:00,Q,CLV_PCH_SM,SCA,B1GQ,RO,2024-Q2,0.6,p,
ESTAT:NAMQ_10_GDP(1.0),06/01/26 23:00:00,Q,CLV_PCH_SM,SCA,B1GQ,RO,2024-Q3,0.3,p,
ESTAT:NAMQ_10_GDP(1.0),06/01/26 23:00:00,Q,CLV_PCH_SM,SCA,B1GQ,RO,2024-Q4,0.6,p,
ESTAT:NAMQ_10_GDP(1.0),06/01/26 23:00:00,Q,CLV_PCH_SM,SCA,B1GQ,RO,2025-Q1,0.7,p,
ESTAT:NAMQ_10_GDP(1.0),06/01/26 23:00:00,Q,CLV_PCH_SM,SCA,B1GQ,RO,2025-Q2,2.2,p,
ESTAT:NAMQ_10_GDP(1.0),06/01/26 23:00:00,Q,CLV_PCH_SM,SCA,B1GQ,RO,2025-Q3,1.4,p,
ESTAT:NAMQ_10_GDP(1.0),06/01/26 23:00:00,Q,CP_MEUR,SCA,B1GQ,CY,2024-Q1,8515.7,,
ESTAT:NAMQ_10_GDP(1.0),06/01/26 23:00:00,Q,CP_MEUR,SCA,B1GQ,CY,2024-Q2,8655.8,,
ESTAT:NAMQ_10_GDP(1.0),06/01/26 23:00:00,Q,CP_MEUR,SCA,B1GQ,CY,2024-Q3,8741.7,,
ESTAT:NAMQ_10_GDP(1.0),06/01/26 23:00:00,Q,CP_MEUR,SCA,B1GQ,CY,2024-Q4,8856.9,,
ESTAT:NAMQ_10_GDP(1.0),06/01/26 23:00:00,Q,CP_MEUR,SCA,B1GQ,CY,2025-Q1,8940.5,,
ESTAT:NAMQ_10_GDP(1.0),06/01/26 23:00:00,Q,CP_MEUR,SCA,B1GQ,CY,2025-Q2,9046.9,,
ESTAT:NAMQ_10_GDP(1.0),06/01/26 23:00:00,Q,CP_MEUR,SCA,B1GQ,CY,2025-Q3,9114.4,,
ESTAT:NAMQ_10_GDP(1.0),06/01/26 23:00:00,Q,CP_MEUR,SCA,B1GQ,EA,2024-Q1,3759007.2,,
ESTAT:NAMQ_10_GDP(1.0),06/01/26 23:00:00,Q,CP_MEUR,SCA,B1GQ,EA,2024-Q2,3784185.1,,
ESTAT:NAMQ_10_GDP(1.0),06/01/26 23:00:00,Q,CP_MEUR,SCA,B1GQ,EA,2024-Q3,3822468.2,,
ESTAT:NAMQ_10_GDP(1.0),06/01/26 23:00:00,Q,CP_MEUR,SCA,B1GQ,EA,2024-Q4,3866259.4,,
ESTAT:NAMQ_10_GDP(1.0),06/01/26 23:00:00,Q,CP_MEUR,SCA,B1GQ,EA,2025-Q1,3905593.5,,
ESTAT:NAMQ_10_GDP(1.0),06/01/26 23:00:00,Q,CP_MEUR,SCA,B1GQ,EA,2025-Q2,3936596.0,,
ESTAT:NAMQ_10_GDP(1.0),06/01/26 23:00:00,Q,CP_MEUR,SCA,B1GQ,EA,2025-Q3,3969095.6,,
ESTAT:NAMQ_10_GDP(1.0),06/01/26 23:00:00,Q,CP_MEUR,SCA,B1GQ,EA12,2024-Q1,3636229.9,,
ESTAT:NAMQ_10_GDP(1.0),06/01/26 23:00:00,Q,CP_MEUR,SCA,B1GQ,EA12,2024-Q2,3659665.7,,
ESTAT:NAMQ_10_GDP(1.0),06/01/26 23:00:00,Q,CP_MEUR,SCA,B1GQ,EA12,2024-Q3,3697029.7,,
ESTAT:NAMQ_10_GDP(1.0),06/01/26 23:00:00,Q,CP_MEUR,SCA,B1GQ,EA12,2024-Q4,3738365.1,,
ESTAT:NAMQ_10_GDP(1.0),06/01/26 23:00:00,Q,CP_MEUR,SCA,B1GQ,EA12,2025-Q1,3776849.5,,
ESTAT:NAMQ_10_GDP(1.0),06/01/26 23:00:00,Q,CP_MEUR,SCA,B1GQ,EA12,2025-Q2,3805338.2,,
ESTAT:NAMQ_10_GDP(1.0),06/01/26 23:00:00,Q,CP_MEUR,SCA,B1GQ,EA12,2025-Q3,3836062.9,,
ESTAT:NAMQ_10_GDP(1.0),06/01/26 23:00:00,Q,CP_MEUR,SCA,B1GQ,EA19,2024-Q1,3737885.9,,
ESTAT:NAMQ_10_GDP(1.0),06/01/26 23:00:00,Q,CP_MEUR,SCA,B1GQ,EA19,2024-Q2,3762913.0,,
ESTAT:NAMQ_10_GDP(1.0),06/01/26 23:00:00,Q,CP_MEUR,SCA,B1GQ,EA19,2024-Q3,3800908.3,,
ESTAT:NAMQ_10_GDP(1.0),06/01/26 23:00:00,Q,CP_MEUR,SCA,B1GQ,EA19,2024-Q4,3844307.3,,
ESTAT:NAMQ_10_GDP(1.0),06/01/26 23:00:00,Q,CP_MEUR,SCA,B1GQ,EA19,2025-Q1,3883306.1,,
ESTAT:NAMQ_10_GDP(1.0),06/01/26 23:00:00,Q,CP_MEUR,SCA,B1GQ,EA19,2025-Q2,3913691.4,,
ESTAT:NAMQ_10_GDP(1.0),06/01/26 23:00:00,Q,CP_MEUR,SCA,B1GQ,EA19,2025-Q3,3945791.1,,
ESTAT:NAMQ_10_GDP(1.0),06/01/26 23:00:00,Q,CP_MEUR,SCA,B1GQ,EA20,2024-Q1,3759007.2,,
ESTAT:NAMQ_10_GDP(1.0),06/01/26 23:00:00,Q,CP_MEUR,SCA,B1GQ,EA20,2024-Q2,3784185.1,,
ESTAT:NAMQ_10_GDP(1.0),06/01/26 23:00:00,Q,CP_MEUR,SCA,B1GQ,EA20,2024-Q3,3822468.2,,
ESTAT:NAMQ_10_GDP(1.0),06/01/26 23:00:00,Q,CP_MEUR,SCA,B1GQ,EA20,2024-Q4,3866259.4,,
ESTAT:NAMQ_10_GDP(1.0),06/01/26 23:00:00,Q,CP_MEUR,SCA,B1GQ,EA20,2025-Q1,3905593.5,,
ESTAT:NAMQ_10_GDP(1.0),06/01/26 23:00:00,Q,CP_MEUR,SCA,B1GQ,EA20,2025-Q2,3936596.0,,
ESTAT:NAMQ_10_GDP(1.0),06/01/26 23:00:00,Q,CP_MEUR,SCA,B1GQ,EA20,2025-Q3,3969095.6,,
ESTAT:NAMQ_10_GDP(1.0),06/01/26 23:00:00,Q,CP_MEUR,SCA,B1GQ,EL,2024-Q1,57760.0,p,
ESTAT:NAMQ_10_GDP(1.0),06/01/26 23:00:00,Q,CP_MEUR,SCA,B1GQ,EL,2024-Q2,58884.5,p,
ESTAT:NAMQ_10_GDP(1.0),06/01/26 23:00:00,Q,CP_MEUR,SCA,B1GQ,EL,2024-Q3,59420.0,p,
ESTAT:NAMQ_10_GDP(1.0),06/01/26 23:00:00,Q,CP_MEUR,SCA,B1GQ,EL,2024-Q4,60132.0,p,
ESTAT:NAMQ_10_GDP(1.0),06/01/26 23:00:00,Q,CP_MEUR,SCA,B1GQ,EL,2025-Q1,60935.7,p,
ESTAT:NAMQ_10_GDP(1.0),06/01/26 23:00:00,Q,CP_MEUR,SCA,B1GQ,EL,2025-Q2,61684.2,p,
ESTAT:NAMQ_10_GDP(1.0),06/01/26 23:00:00,Q,CP_MEUR,SCA,B1GQ,EL,2025-Q3,62471.7,p,
ESTAT:NAMQ_10_GDP(1.0),06/01/26 23:00:00,Q,CP_MEUR,SCA,B1GQ,EU27_2020,2024-Q1,4438749.4,,
ESTAT:NAMQ_10_GDP(1.0),06/01/26 23:00:00,Q,CP_MEUR,SCA,B1GQ,EU27_2020,2024-Q2,4474948.7,,
ESTAT:NAMQ_10_GDP(1.0),06/01/26 23:00:00,Q,CP_MEUR,SCA,B1GQ,EU27_2020,2024-Q3,4524490.5,,
ESTAT:NAMQ_10_GDP(1.0),06/01/26 23:00:00,Q,CP_MEUR,SCA,B1GQ,EU27_2020,2024-Q4,4578634.0,,
ESTAT:NAMQ_10_GDP(1.0),06/01/26 23:00:00,Q,CP_MEUR,SCA,B1GQ,EU27_2020,2025-Q1,4631236.8,,
ESTAT:NAMQ_10_GDP(1.0),06/01/26 23:00:00,Q,CP_MEUR,SCA,B1GQ,EU27_2020,2025-Q2,4672936.0,,
ESTAT:NAMQ_10_GDP(1.0),06/01/26 23:00:00,Q,CP_MEUR,SCA,B1GQ,EU27_2020,2025-Q3,4719939.0,,
ESTAT:NAMQ_10_GDP(1.0),06/01/26 23:00:00,Q,CP_MEUR,SCA,B1GQ,RO,2024-Q1,85669.0,p,
ESTAT:NAMQ_10_GDP(1.0),06/01/26 23:00:00,Q,CP_MEUR,SCA,B1GQ,RO,2024-Q2,88145.5,p,
ESTAT:NAMQ_10_GDP(1.0),06/01/26 23:00:00,Q,CP_MEUR,SCA,B1GQ,RO,2024-Q3,89211.0,p,
ESTAT:NAMQ_10_GDP(1.0),06/01/26 23:00:00,Q,CP_MEUR,SCA,B1GQ,RO,2024-Q4,90604.9,p,
ESTAT:NAMQ_10_GDP(1.0),06/01/26 23:00:00,Q,CP_MEUR,SCA,B1GQ,RO,2025-Q1,92320.7,p,
ESTAT:NAMQ_10_GDP(1.0),06/01/26 23:00:00,Q,CP_MEUR,SCA,B1GQ,RO,2025-Q2,93227.7,p,
ESTAT:NAMQ_10_GDP(1.0),06/01/26 23:00:00,Q,CP_MEUR,SCA,B1GQ,RO,2025-Q3,95475.9,p,
