DATAFLOW,LAST UPDATE,freq,indic,s_adj,unit,geo,TIME_PERIOD,OBS_VALUE,OBS_FLAG,CONF_STATUS
ESTAT:EI_BSCO_M(1.0),27/11/25 11:00:00,M,BS-CSMCI,SA,BAL,CY,2025-01,-17.2,,
ESTAT:EI_BSCO_M(1.0),27/11/25 11:00:00,M,BS-CSMCI,SA,BAL,CY,2025-02,-18.9,,
ESTAT:EI_BSCO_M(1.0),27/11/25 11:00:00,M,BS-CSMCI,SA,BAL,CY,2025-03,-16.6,,
ESTAT:EI_BSCO_M(1.0),27/11/25 11:00:00,M,BS-CSMCI,SA,BAL,CY,2025-04,-17.1,,
ESTAT:EI_BSCO_M(1.0),27/11/25 11:00:00,M,BS-CSMCI,SA,BAL,CY,2025-05,-15.8,,
ESTAT:EI_BSCO_M(1.0),27/11/25 11:00:00,M,BS-CSMCI,SA,BAL,CY,2025-06,-14.8,,
ESTAT:EI_BSCO_M(1.0),27/11/25 11:00:00,M,BS-CSMCI,SA,BAL,CY,2025-07,-19.1,,
ESTAT:EI_BSCO_M(1.0),27/11/25 11:00:00,M,BS-CSMCI,SA,BAL,CY,2025-08,-13.3,,
ESTAT:EI_BSCO_M(1.0),27/11/25 11:00:00,M,BS-CSMCI,SA,BAL,CY,2025-09,-12.2,,
ESTAT:EI_BSCO_M(1.0),27/11/25 11:00:00,M,BS-CSMCI,SA,BAL,CY,2025-10,-15.8,,
ESTAT:EI_BSCO_M(1.0),27/11/25 11:00:00,M,BS-CSMCI,SA,BAL,CY,2025-11,-13.6,,
ESTAT:EI_BSCO_M(1.0),27/11/25 11:00:00,M,BS-CSMCI,SA,BAL,EA20,2025-01,-14.1,,
ESTAT:EI_BSCO_M(1.0),27/11/25 11:00:00,M,BS-CSMCI,SA,BAL,EA20,2025-02,-13.7,,
ESTAT:EI_BSCO_M(1.0),27/11/25 11:00:00,M,BS-CSMCI,SA,BAL,EA20,2025-03,-14.5,,
ESTAT:EI_BSCO_M(1.0),27/11/25 11:00:00,M,BS-CSMCI,SA,BAL,EA20,2025-04,-16.6,,
ESTAT:EI_BSCO_M(1.0),27/11/25 11:00:00,M,BS-CSMCI,SA,BAL,EA20,2025-05,-15.1,,
ESTAT:EI_BSCO_M(1.0),27/11/25 11:00:00,M,BS-CSMCI,SA,BAL,EA20,2025-06,-15.3,,
ESTAT:EI_BSCO_M(1.0),27/11/25 11:00:00,M,BS-CSMCI,SA,BAL,EA20,2025-07,-14.7,,
ESTAT:EI_BSCO_M(1.0),27/11/25 11:00:00,M,BS-CSMCI,SA,BAL,EA20,2025-08,-15.5,,
ESTAT:EI_BSCO_M(1.0),27/11/25 11:00:00,M,BS-CSMCI,SA,BAL,EA20,2025-09,-14.9,,
ESTAT:EI_BSCO_M(1.0),27/11/25 11:00:00,M,BS-CSMCI,SA,BAL,EA20,2025-10,-14.2,,
ESTAT:EI_BSCO_M(1.0),27/11/25 11:00:00,M,BS-CSMCI,SA,BAL,EA20,2025-11,-14.2,,
ESTAT:EI_BSCO_M(1.0),27/11/25 11:00:00,M,BS-CSMCI,SA,BAL,EL,2025-01,-43.4,,
ESTAT:EI_BSCO_M(1.0),27/11/25 11:00:00,M,BS-CSMCI,SA,BAL,EL,2025-02,-42.0,,
ESTAT:EI_BSCO_M(1.0),27/11/25 11:00:00,M,BS-CSMCI,SA,BAL,EL,2025-03,-43.8,,
ESTAT:EI_BSCO_M(1.0),27/11/25 11:00:00,M,BS-CSMCI,SA,BAL,EL,2025-04,-46.8,,
ESTAT:EI_BSCO_M(1.0),27/11/25 11:00:00,M,BS-CSMCI,SA,BAL,EL,2025-05,-42.7,,
ESTAT:EI_BSCO_M(1.0),27/11/25 11:00:00,M,BS-CSMCI,SA,BAL,EL,2025-06,-46.9,,
ESTAT:EI_BSCO_M(1.0),27/11/25 11:00:00,M,BS-CSMCI,SA,BAL,EL,2025-07,-47.6,,
ESTAT:EI_BSCO_M(1.0),27/11/25 11:00:00,M,BS-CSMCI,SA,BAL,EL,2025-08,-48.8,,
ESTAT:EI_BSCO_M(1.0),27/11/25 11:00:00,M,BS-CSMCI,SA,BAL,EL,2025-09,-45.6,,
ESTAT:EI_BSCO_M(1.0),27/11/25 11:00:00,M,BS-CSMCI,SA,BAL,EL,2025-10,-47.6,,
ESTAT:EI_BSCO_M(1.0),27/11/25 11:00:00,M,BS-CSMCI,SA,BAL,EL,2025-11,-50.6,,
ESTAT:EI_BSCO_M(1.0),27/11/25 11:00:00,M,BS-CSMCI,SA,BAL,EU27_2020,2025-01,-13.2,,
ESTAT:EI_BSCO_M(1.0),27/11/25 11:00:00,M,BS-CSMCI,SA,BAL,EU27_2020,2025-02,-12.9,,
ESTAT:EI_BSCO_M(1.0),27/11/25 11:00:00,M,BS-CSMCI,SA,BAL,EU27_2020,2025-03,-13.9,,
ESTAT:EI_BSCO_M(1.0),27/11/25 11:00:00,M,BS-CSMCI,SA,BAL,EU27_2020,2025-04,-15.9,,
ESTAT:EI_BSCO_M(1.0),27/11/25 11:00:00,M,BS-CSMCI,SA,BAL,EU27_2020,2025-05,-14.5,,
ESTAT:EI_BSCO_M(1.0),27/11/25 11:00:00,M,BS-CSMCI,SA,BAL,EU27_2020,2025-06,-14.8,,
ESTAT:EI_BSCO_M(1.0),27/11/25 11:00:00,M,BS-CSMCI,SA,BAL,EU27_2020,2025-07,-14.4,,
ESTAT:EI_BSCO_M(1.0),27/11/25 11:00:00,M,BS-CSMCI,SA,BAL,EU27_2020,2025-08,-14.8,,
ESTAT:EI_BSCO_M(1.0),27/11/25 11:00:00,M,BS-CSMCI,SA,BAL,EU27_2020,2025-09,-14.3,,
ESTAT:EI_BSCO_M(1.0),27/11/25 11:00:00,M,BS-CSMCI,SA,BAL,EU27_2020,2025-10,-13.5,,
ESTAT:EI_BSCO_M(1.0),27/11/25 11:00:00,M,BS-CSMCI,SA,BAL,EU27_2020,2025-11,-13.6,,
ESTAT:EI_BSCO_M(1.0),27/11/25 11:00:00,M,BS-CSMCI,SA,BAL,RO,2025-01,-20.4,,
ESTAT:EI_BSCO_M(1.0),27/11/25 11:00:00,M,BS-CSMCI,SA,BAL,RO,2025-02,-17.3,,
ESTAT:EI_BSCO_M(1.0),27/11/25 11:00:00,M,BS-CSMCI,SA,BAL,RO,2025-03,-17.6,,
ESTAT:EI_BSCO_M(1.0),27/11/25 11:00:00,M,BS-CSMCI,SA,BAL,RO,2025-04,-18.5,,
ESTAT:EI_BSCO_M(1.0),27/11/25 11:00:00,M,BS-CSMCI,SA,BAL,RO,2025-05,-15.8,,
ESTAT:EI_BSCO_M(1.0),27/11/25 11:00:00,M,BS-CSMCI,SA,BAL,RO,2025-06,-25.1,,
ESTAT:EI_BSCO_M(1.0),27/11/25 11:00:00,M,BS-CSMCI,SA,BAL,RO,2025-07,-31.4,,
ESTAT:EI_BSCO_M(1.0),27/11/25 11:00:00,M,BS-CSMCI,SA,BAL,RO,2025-08,-31.4,,
ESTAT:EI_BSCO_M(1.0),27/11/25 11:00:00,M,BS-CSMCI,SA,BAL,RO,2025-09,-31.3,,
ESTAT:EI_BSCO_M(1.0),27/11/25 11:00:00,M,BS-CSMCI,SA,BAL,RO,2025-10,-30.5,,
ESTAT:EI_BSCO_M(1.0),27/11/25 11:00:00,M,BS-CSMCI,SA,BAL,RO,2025-11,-29.7,,
