DATAFLOW,LAST UPDATE,freq,s_adj,age,unit,sex,geo,TIME_PERIOD,OBS_VALUE,OBS_FLAG,CONF_STATUS
ESTAT:UNE_RT_M(1.0),23/12/25 11:00:00,M,SA,TOTAL,PC_ACT,T,CY,2025-01,4.5,,
ESTAT:UNE_RT_M(1.0),23/12/25 11:00:00,M,SA,TOTAL,PC_ACT,T,CY,2025-02,4.5,,
ESTAT:UNE_RT_M(1.0),23/12/25 11:00:00,M,SA,TOTAL,PC_ACT,T,CY,2025-03,4.6,,
ESTAT:UNE_RT_M(1.0),23/12/25 11:00:00,M,SA,TOTAL,PC_ACT,T,CY,2025-04,4.5,,
ESTAT:UNE_RT_M(1.0),23/12/25 11:00:00,M,SA,TOTAL,PC_ACT,T,CY,2025-05,4.5,,
ESTAT:UNE_RT_M(1.0),23/12/25 11:00:00,M,SA,TOTAL,PC_ACT,T,CY,2025-06,4.4,,
ESTAT:UNE_RT_M(1.0),23/12/25 11:00:00,M,SA,TOTAL,PC_ACT,T,CY,2025-07,4.4,,
ESTAT:UNE_RT_M(1.0),23/12/25 11:00:00,M,SA,TOTAL,PC_ACT,T,CY,2025-08,4.3,,
ESTAT:UNE_RT_M(1.0),23/12/25 11:00:00,M,SA,TOTAL,PC_ACT,T,CY,2025-09,4.2,,
ESTAT:UNE_RT_M(1.0),23/12/25 11:00:00,M,SA,TOTAL,PC_ACT,T,CY,2025-10,4.2,,
ESTAT:UNE_RT_M(1.0),23/12/25 11:00:00,M,SA,TOTAL,PC_ACT,T,EA20,2025-01,6.3,,
ESTAT:UNE_RT_M(1.0),23/12/25 11:00:00,M,SA,TOTAL,PC_ACT,T,EA20,2025-02,6.3,,
ESTAT:UNE_RT_M(1.0),23/12/25 11:00:00,M,SA,TOTAL,PC_ACT,T,EA20,2025-03,6.4,,
ESTAT:UNE_RT_M(1.0),23/12/25 11:00:00,M,SA,TOTAL,PC_ACT,T,EA20,2025-04,6.3,,
ESTAT:UNE_RT_M(1.0),23/12/25 11:00:00,M,SA,TOTAL,PC_ACT,T,EA20,2025-05,6.4,,
ESTAT:UNE_RT_M(1.0),23/12/25 11:00:00,M,SA,TOTAL,PC_ACT,T,EA20,2025-06,6.4,,
ESTAT:UNE_RT_M(1.0),23/12/25 11:00:00,M,SA,TOTAL,PC_ACT,T,EA20,2025-07,6.4,,
ESTAT:UNE_RT_M(1.0),23/12/25 11:00:00,M,SA,TOTAL,PC_ACT,T,EA20,2025-08,6.4,,
ESTAT:UNE_RT_M(1.0),23/12/25 11:00:00,M,SA,TOTAL,PC_ACT,T,EA20,2025-09,6.4,,
ESTAT:UNE_RT_M(1.0),23/12/25 11:00:00,M,SA,TOTAL,PC_ACT,T,EA20,2025-10,6.4,,
ESTAT:UNE_RT_M(1.0),23/12/25 11:00:00,M,SA,TOTAL,PC_ACT,T,EL,2025-01,9.7,,
ESTAT:UNE_RT_M(1.0),23/12/25 11:00:00,M,SA,TOTAL,PC_ACT,T,EL,2025-02,9.3,,
ESTAT:UNE_RT_M(1.0),23/12/25 11:00:00,M,SA,TOTAL,PC_ACT,T,EL,2025-03,9.5,,
ESTAT:UNE_RT_M(1.0),23/12/25 11:00:00,M,SA,TOTAL,PC_ACT,T,EL,2025-04,8.9,,
ESTAT:UNE_RT_M(1.0),23/12/25 11:00:00,M,SA,TOTAL,PC_ACT,T,EL,2025-05,8.6,,
ESTAT:UNE_RT_M(1.0),23/12/25 11:00:00,M,SA,TOTAL,PC_ACT,T,EL,2025-06,9.2,,
ESTAT:UNE_RT_M(1.0),23/12/25 11:00:00,M,SA,TOTAL,PC_ACT,T,EL,2025-07,8.9,,
ESTAT:UNE_RT_M(1.0),23/12/25 11:00:00,M,SA,TOTAL,PC_ACT,T,EL,2025-08,8.6,,
ESTAT:UNE_RT_M(1.0),23/12/25 11:00:00,M,SA,TOTAL,PC_ACT,T,EL,2025-09,8.7,,
ESTAT:UNE_RT_M(1.0),23/12/25 11:00:00,M,SA,TOTAL,PC_ACT,T,EL,2025-10,8.6,,
ESTAT:UNE_RT_M(1.0),23/12/25 11:00:00,M,SA,TOTAL,PC_ACT,T,EU27_2020,2025-01,6.0,,
ESTAT:UNE_RT_M(1.0),23/12/25 11:00:00,M,SA,TOTAL,PC_ACT,T,EU27_2020,2025-02,5.9,,
ESTAT:UNE_RT_M(1.0),23/12/25 11:00:00,M,SA,TOTAL,PC_ACT,T,EU27_2020,2025-03,6.0,,
ESTAT:UNE_RT_M(1.0),23/12/25 11:00:00,M,SA,TOTAL,PC_ACT,T,EU27_2020,2025-04,5.9,,
ESTAT:UNE_RT_M(1.0),23/12/25 11:00:00,M,SA,TOTAL,PC_ACT,T,EU27_2020,2025-05,6.0,,
ESTAT:UNE_RT_M(1.0),23/12/25 11:00:00,M,SA,TOTAL,PC_ACT,T,EU27_2020,2025-06,6.0,,
ESTAT:UNE_RT_M(1.0),23/12/25 11:00:00,M,SA,TOTAL,PC_ACT,T,EU27_2020,2025-07,6.0,,
ESTAT:UNE_RT_M(1.0),23/12/25 11:00:00,M,SA,TOTAL,PC_ACT,T,EU27_2020,2025-08,6.0,,
ESTAT:UNE_RT_M(1.0),23/12/25 11:00:00,M,SA,TOTAL,PC_ACT,T,EU27_2020,2025-09,6.0,,
ESTAT:UNE_RT_M(1.0),23/12/25 11:00:00,M,SA,TOTAL,PC_ACT,T,EU27_2020,2025-10,6.0,,
ESTAT:UNE_RT_M(1.0),23/12/25 11:00:00,M,SA,TOTAL,PC_ACT,T,RO,2025-01,5.9,,
ESTAT:UNE_RT_M(1.0),23/12/25 11:00:00,M,SA,TOTAL,PC_ACT,T,RO,2025-02,6.0,,
ESTAT:UNE_RT_M(1.0),23/12/25 11:00:00,M,SA,TOTAL,PC_ACT,T,RO,2025-03,6.0,,
ESTAT:UNE_RT_M(1.0),23/12/25 11:00:00,M,SA,TOTAL,PC_ACT,T,RO,2025-04,6.0,,
ESTAT:UNE_RT_M(1.0),23/12/25 11:00:00,M,SA,TOTAL,PC_ACT,T,RO,2025-05,6.1,,
ESTAT:UNE_RT_M(1.0),23/12/25 11:00:00,M,SA,TOTAL,PC_ACT,T,RO,2025-06,6.0,,
ESTAT:UNE_RT_M(1.0),23/12/25 11:00:00,M,SA,TOTAL,PC_ACT,T,RO,2025-07,6.0,,
ESTAT:UNE_RT_M(1.0),23/12/25 11:00:00,M,SA,TOTAL,PC_ACT,T,RO,2025-08,6.1,,
ESTAT:UNE_RT_M(1.0),23/12/25 11:00:00,M,SA,TOTAL,PC_ACT,T,RO,2025-09,6.1,,
ESTAT:UNE_RT_M(1.0),23/12/25 11:00:00,M,SA,TOTAL,PC_ACT,T,RO,2025-10,5.9,,
ESTAT:UNE_RT_M(1.0),23/12/25 11:00:00,M,SA,TOTAL,THS_PER,T,CY,2025-01,23,,
ESTAT:UNE_RT_M(1.0),23/12/25 11:00:00,M,SA,TOTAL,THS_PER,T,CY,2025-02,23,,
ESTAT:UNE_RT_M(1.0),23/12/25 11:00:00,M,SA,TOTAL,THS_PER,T,CY,2025-03,24,,
ESTAT:UNE_RT_M(1.0),23/12/25 11:00:00,M,SA,TOTAL,THS_PER,T,CY,2025-04,23,,
ESTAT:UNE_RT_M(1.0),23/12/25 11:00:00,M,SA,TOTAL,THS_PER,T,CY,2025-05,23,,
ESTAT:UNE_RT_M(1.0),23/12/25 11:00:00,M,SA,TOTAL,THS_PER,T,CY,2025-06,23,,
ESTAT:UNE_RT_M(1.0),23/12/25 11:00:00,M,SA,TOTAL,THS_PER,T,CY,2025-07,23,,
ESTAT:UNE_RT_M(1.0),23/12/25 11:00:00,M,SA,TOTAL,THS_PER,T,CY,2025-08,23,,
ESTAT:UNE_RT_M(1.0),23/12/25 11:00:00,M,SA,TOTAL,THS_PER,T,CY,2025-09,22,,
ESTAT:UNE_RT_M(1.0),23/12/25 11:00:00,M,SA,TOTAL,THS_PER,T,CY,2025-10,22,,
ESTAT:UNE_RT_M(1.0),23/12/25 11:00:00,M,SA,TOTAL,THS_PER,T,EA20,2025-01,10890,,
ESTAT:UNE_RT_M(1.0),23/12/25 11:00:00,M,SA,TOTAL,THS_PER,T,EA20,2025-02,10899,,
ESTAT:UNE_RT_M(1.0),23/12/25 11:00:00,M,SA,TOTAL,THS_PER,T,EA20,2025-03,11047,,
ESTAT:UNE_RT_M(1.0),23/12/25 11:00:00,M,SA,TOTAL,THS_PER,T,EA20,2025-04,10917,,
ESTAT:UNE_RT_M(1.0),23/12/25 11:00:00,M,SA,TOTAL,THS_PER,T,EA20,2025-05,11040,,
ESTAT:UNE_RT_M(1.0),23/12/25 11:00:00,M,SA,TOTAL,THS_PER,T,EA20,2025-06,11052,,
ESTAT:UNE_RT_M(1.0),23/12/25 11:00:00,M,SA,TOTAL,THS_PER,T,EA20,2025-07,11004,,
ESTAT:UNE_RT_M(1.0),23/12/25 11:00:00,M,SA,TOTAL,THS_PER,T,EA20,2025-08,11010,,
ESTAT:UNE_RT_M(1.0),23/12/25 11:00:00,M,SA,TOTAL,THS_PER,T,EA20,2025-09,11046,,
ESTAT:UNE_RT_M(1.0),23/12/25 11:00:00,M,SA,TOTAL,THS_PER,T,EA20,2025-10,11033,,
ESTAT:UNE_RT_M(1.0),23/12/25 11:00:00,M,SA,TOTAL,THS_PER,T,EL,2025-01,458,,
ESTAT:UNE_RT_M(1.0),23/12/25 11:00:00,M,SA,TOTAL,THS_PER,T,EL,2025-02,440,,
ESTAT:UNE_RT_M(1.0),23/12/25 11:00:00,M,SA,TOTAL,THS_PER,T,EL,2025-03,451,,
ESTAT:UNE_RT_M(1.0),23/12/25 11:00:00,M,SA,TOTAL,THS_PER,T,EL,2025-04,423,,
ESTAT:UNE_RT_M(1.0),23/12/25 11:00:00,M,SA,TOTAL,THS_PER,T,EL,2025-05,407,,
ESTAT:UNE_RT_M(1.0),23/12/25 11:00:00,M,SA,TOTAL,THS_PER,T,EL,2025-06,438,,
ESTAT:UNE_RT_M(1.0),23/12/25 11:00:00,M,SA,TOTAL,THS_PER,T,EL,2025-07,421,,
ESTAT:UNE_RT_M(1.0),23/12/25 11:00:00,M,SA,TOTAL,THS_PER,T,EL,2025-08,412,,
ESTAT:UNE_RT_M(1.0),23/12/25 11:00:00,M,SA,TOTAL,THS_PER,T,EL,2025-09,410,,
ESTAT:UNE_RT_M(1.0),23/12/25 11:00:00,M,SA,TOTAL,THS_PER,T,EL,2025-10,411,,
ESTAT:UNE_RT_M(1.0),23/12/25 11:00:00,M,SA,TOTAL,THS_PER,T,EU27_2020,2025-01,13132,,
ESTAT:UNE_RT_M(1.0),23/12/25 11:00:00,M,SA,TOTAL,THS_PER,T,EU27_2020,2025-02,13084,,
ESTAT:UNE_RT_M(1.0),23/12/25 11:00:00,M,SA,TOTAL,THS_PER,T,EU27_2020,2025-03,13241,,
ESTAT:UNE_RT_M(1.0),23/12/25 11:00:00,M,SA,TOTAL,THS_PER,T,EU27_2020,2025-04,13133,,
ESTAT:UNE_RT_M(1.0),23/12/25 11:00:00,M,SA,TOTAL,THS_PER,T,EU27_2020,2025-05,13241,,
ESTAT:UNE_RT_M(1.0),23/12/25 11:00:00,M,SA,TOTAL,THS_PER,T,EU27_2020,2025-06,13279,,
ESTAT:UNE_RT_M(1.0),23/12/25 11:00:00,M,SA,TOTAL,THS_PER,T,EU27_2020,2025-07,13264,,
ESTAT:UNE_RT_M(1.0),23/12/25 11:00:00,M,SA,TOTAL,THS_PER,T,EU27_2020,2025-08,13296,,
ESTAT:UNE_RT_M(1.0),23/12/25 11:00:00,M,SA,TOTAL,THS_PER,T,EU27_2020,2025-09,13319,,
ESTAT:UNE_RT_M(1.0),23/12/25 11:00:00,M,SA,TOTAL,THS_PER,T,EU27_2020,2025-10,13351,,
ESTAT:UNE_RT_M(1.0),23/12/25 11:00:00,M,SA,TOTAL,THS_PER,T,RO,2025-01,481,,
ESTAT:UNE_RT_M(1.0),23/12/25 11:00:00,M,SA,TOTAL,THS_PER,T,RO,2025-02,489,,
ESTAT:UNE_RT_M(1.0),23/12/25 11:00:00,M,SA,TOTAL,THS_PER,T,RO,2025-03,491,,
ESTAT:UNE_RT_M(1.0),23/12/25 11:00:00,M,SA,TOTAL,THS_PER,T,RO,2025-04,491,,
ESTAT:UNE_RT_M(1.0),23/12/25 11:00:00,M,SA,TOTAL,THS_PER,T,RO,2025-05,495,,
ESTAT:UNE_RT_M(1.0),23/12/25 11:00:00,M,SA,TOTAL,THS_PER,T,RO,2025-06,490,,
ESTAT:UNE_RT_M(1.0),23/12/25 11:00:00,M,SA,TOTAL,THS_PER,T,RO,2025-07,491,,
ESTAT:UNE_RT_M(1.0),23/12/25 11:00:00,M,SA,TOTAL,THS_PER,T,RO,2025-08,503,,
ESTAT:UNE_RT_M(1.0),23/12/25 11:00:00,M,SA,TOTAL,THS_PER,T,RO,2025-09,497,,
ESTAT:UNE_RT_M(1.0),23/12/25 11:00:00,M,SA,TOTAL,THS_PER,T,RO,2025-10,487,,
