Geopolitic,Year,Month,Annual_rate_of_change
Cyprus,2025,1,2.9
Euro area,2025,1,2.5
European,2025,1,2.8
Greece,2025,1,3.1
Romania,2025,1,5.3
Cyprus,2025,2,2.3
Euro area,2025,2,2.3
European,2025,2,2.7
Greece,2025,2,3.0
Romania,2025,2,5.2
Cyprus,2025,3,2.1
Euro area,2025,3,2.2
European,2025,3,2.5
Greece,2025,3,3.1
Romania,2025,3,5.1
Cyprus,2025,4,1.4
Euro area,2025,4,2.2
European,2025,4,2.4
Greece,2025,4,2.6
Romania,2025,4,4.9
Cyprus,2025,5,0.4
Euro area,2025,5,1.9
European,2025,5,2.2
Greece,2025,5,3.3
Romania,2025,5,5.4
Cyprus,2025,6,0.5
Euro area,2025,6,2.0
European,2025,6,2.3
Greece,2025,6,3.6
Romania,2025,6,5.8
Cyprus,2025,7,0.1
Euro area,2025,7,2.0
European,2025,7,2.4
Greece,2025,7,3.7
Romania,2025,7,6.6
Cyprus,2025,8,0.0
Euro area,2025,8,2.0
European,2025,8,2.4
Greece,2025,8,3.1
Romania,2025,8,8.5
Cyprus,2025,9,0.0
Euro area,2025,9,2.2
European,2025,9,2.6
Greece,2025,9,1.8
Romania,2025,9,8.6
Cyprus,2025,10,0.2
Euro area,2025,10,2.1
European,2025,10,2.5
Greece,2025,10,1.6
Romania,2025,10,8.4
Cyprus,2025,11,0.1
Euro area,2025,11,2.1
European,2025,11,2.4
Greece,2025,11,2.8
Romania,2025,11,8.6
