DATAFLOW,LAST UPDATE,freq,unit,coicop,geo,TIME_PERIOD,OBS_VALUE,OBS_FLAG,CONF_STATUS
ESTAT:PRC_HICP_MANR(1.0),17/12/25 11:00:00,M,RCH_A,CP00,CY,2025-01,2.9,,
ESTAT:PRC_HICP_MANR(1.0),17/12/25 11:00:00,M,RCH_A,CP00,CY,2025-02,2.3,,
ESTAT:PRC_HICP_MANR(1.0),17/12/25 11:00:00,M,RCH_A,CP00,CY,2025-03,2.1,,
ESTAT:PRC_HICP_MANR(1.0),17/12/25 11:00:00,M,RCH_A,CP00,CY,2025-04,1.4,,
ESTAT:PRC_HICP_MANR(1.0),17/12/25 11:00:00,M,RCH_A,CP00,CY,2025-05,0.4,,
ESTAT:PRC_HICP_MANR(1.0),17/12/25 11:00:00,M,RCH_A,CP00,CY,2025-06,0.5,,
ESTAT:PRC_HICP_MANR(1.0),17/12/25 11:00:00,M,RCH_A,CP00,CY,2025-07,0.1,,
ESTAT:PRC_HICP_MANR(1.0),17/12/25 11:00:00,M,RCH_A,CP00,CY,2025-08,0.0,,
ESTAT:PRC_HICP_MANR(1.0),17/12/25 11:00:00,M,RCH_A,CP00,CY,2025-09,0.0,,
ESTAT:PRC_HICP_MANR(1.0),17/12/25 11:00:00,M,RCH_A,CP00,CY,2025-10,0.2,,
ESTAT:PRC_HICP_MANR(1.0),17/12/25 11:00:00,M,RCH_A,CP00,CY,2025-11,0.1,,
ESTAT:PRC_HICP_MANR(1.0),17/12/25 11:00:00,M,RCH_A,CP00,EA20,2025-01,2.5,,
ESTAT:PRC_HICP_MANR(1.0),17/12/25 11:00:00,M,RCH_A,CP00,EA20,2025-02,2.3,,
ESTAT:PRC_HICP_MANR(1.0),17/12/25 11:00:00,M,RCH_A,CP00,EA20,2025-03,2.2,,
ESTAT:PRC_HICP_MANR(1.0),17/12/25 11:00:00,M,RCH_A,CP00,EA20,2025-04,2.2,,
ESTAT:PRC_HICP_MANR(1.0),17/12/25 11:00:00,M,RCH_A,CP00,EA20,2025-05,1.9,,
ESTAT:PRC_HICP_MANR(1.0),17/12/25 11:00:00,M,RCH_A,CP00,EA20,2025-06,2.0,,
ESTAT:PRC_HICP_MANR(1.0),17/12/25 11:00:00,M,RCH_A,CP00,EA20,2025-07,2.0,,
ESTAT:PRC_HICP_MANR(1.0),17/12/25 11:00:00,M,RCH_A,CP00,EA20,2025-08,2.0,,
ESTAT:PRC_HICP_MANR(1.0),17/12/25 11:00:00,M,RCH_A,CP00,EA20,2025-09,2.2,,
ESTAT:PRC_HICP_MANR(1.0),17/12/25 11:00:00,M,RCH_A,CP00,EA20,2025-10,2.1,,
ESTAT:PRC_HICP_MANR(1.0),17/12/25 11:00:00,M,RCH_A,CP00,EA20,2025-11,2.1,,
ESTAT:PRC_HICP_MANR(1.0),17/12/25 11:00:00,M,RCH_A,CP00,EL,2025-01,3.1,,
ESTAT:PRC_HICP_MANR(1.0),17/12/25 11:00:00,M,RCH_A,CP00,EL,2025-02,3.0,,
ESTAT:PRC_HICP_MANR(1.0),17/12/25 11:00:00,M,RCH_A,CP00,EL,2025-03,3.1,,
ESTAT:PRC_HICP_MANR(1.0),17/12/25 11:00:00,M,RCH_A,CP00,EL,2025-04,2.6,,
ESTAT:PRC_HICP_MANR(1.0),17/12/25 11:00:00,M,RCH_A,CP00,EL,2025-05,3.3,,
ESTAT:PRC_HICP_MANR(1.0),17/12/25 11:00:00,M,RCH_A,CP00,EL,2025-06,3.6,,
ESTAT:PRC_HICP_MANR(1.0),17/12/25 11:00:00,M,RCH_A,CP00,EL,2025-07,3.7,,
ESTAT:PRC_HICP_MANR(1.0),17/12/25 11:00:00,M,RCH_A,CP00,EL,2025-08,3.1,,
ESTAT:PRC_HICP_MANR(1.0),17/12/25 11:00:00,M,RCH_A,CP00,EL,2025-09,1.8,,
ESTAT:PRC_HICP_MANR(1.0),17/12/25 11:00:00,M,RCH_A,CP00,EL,2025-10,1.6,,
ESTAT:PRC_HICP_MANR(1.0),17/12/25 11:00:00,M,RCH_A,CP00,EL,2025-11,2.8,,
ESTAT:PRC_HICP_MANR(1.0),17/12/25 11:00:00,M,RCH_A,CP00,EU27_2020,2025-01,2.8,,
ESTAT:PRC_HICP_MANR(1.0),17/12/25 11:00:00,M,RCH_A,CP00,EU27_2020,2025-02,2.7,,
ESTAT:PRC_HICP_MANR(1.0),17/12/25 11:00:00,M,RCH_A,CP00,EU27_2020,2025-03,2.5,,
ESTAT:PRC_HICP_MANR(1.0),17/12/25 11:00:00,M,RCH_A,CP00,EU27_2020,2025-04,2.4,,
ESTAT:PRC_HICP_MANR(1.0),17/12/25 11:00:00,M,RCH_A,CP00,EU27_2020,2025-05,2.2,,
ESTAT:PRC_HICP_MANR(1.0),17/12/25 11:00:00,M,RCH_A,CP00,EU27_2020,2025-06,2.3,,
ESTAT:PRC_HICP_MANR(1.0),17/12/25 11:00:00,M,RCH_A,CP00,EU27_2020,2025-07,2.4,,
ESTAT:PRC_HICP_MANR(1.0),17/12/25 11:00:00,M,RCH_A,CP00,EU27_2020,2025-08,2.4,,
ESTAT:PRC_HICP_MANR(1.0),17/12/25 11:00:00,M,RCH_A,CP00,EU27_2020,2025-09,2.6,,
ESTAT:PRC_HICP_MANR(1.0),17/12/25 11:00:00,M,RCH_A,CP00,EU27_2020,2025-10,2.5,,
ESTAT:PRC_HICP_MANR(1.0),17/12/25 11:00:00,M,RCH_A,CP00,EU27_2020,2025-11,2.4,,
ESTAT:PRC_HICP_MANR(1.0),17/12/25 11:00:00,M,RCH_A,CP00,RO,2025-01,5.3,,
ESTAT:PRC_HICP_MANR(1.0),17/12/25 11:00:00,M,RCH_A,CP00,RO,2025-02,5.2,,
ESTAT:PRC_HICP_MANR(1.0),17/12/25 11:00:00,M,RCH_A,CP00,RO,2025-03,5.1,,
ESTAT:PRC_HICP_MANR(1.0),17/12/25 11:00:00,M,RCH_A,CP00,RO,2025-04,4.9,,
ESTAT:PRC_HICP_MANR(1.0),17/12/25 11:00:00,M,RCH_A,CP00,RO,2025-05,5.4,,
ESTAT:PRC_HICP_MANR(1.0),17/12/25 11:00:00,M,RCH_A,CP00,RO,2025-06,5.8,,
ESTAT:PRC_HICP_MANR(1.0),17/12/25 11:00:00,M,RCH_A,CP00,RO,2025-07,6.6,,
ESTAT:PRC_HICP_MANR(1.0),17/12/25 11:00:00,M,RCH_A,CP00,RO,2025-08,8.5,,
ESTAT:PRC_HICP_MANR(1.0),17/12/25 11:00:00,M,RCH_A,CP00,RO,2025-09,8.6,,
ESTAT:PRC_HICP_MANR(1.0),17/12/25 11:00:00,M,RCH_A,CP00,RO,2025-10,8.4,,
ESTAT:PRC_HICP_MANR(1.0),17/12/25 11:00:00,M,RCH_A,CP00,RO,2025-11,8.6,,
