Year,Month,Geopolitical_Entity,Consumer_confidence_indicator
2025,1,Cyprus,-17.2
2025,1,Euro area – 20 countries (from 2023),-14.1
2025,1,European Union - 27 countries (from 2020),-13.2
2025,1,Greece,-43.4
2025,1,Romania,-20.4
2025,2,Cyprus,-18.9
2025,2,Euro area – 20 countries (from 2023),-13.7
2025,2,European Union - 27 countries (from 2020),-12.9
2025,2,Greece,-42.0
2025,2,Romania,-17.3
2025,3,Cyprus,-16.6
2025,3,Euro area – 20 countries (from 2023),-14.5
2025,3,European Union - 27 countries (from 2020),-13.9
2025,3,Greece,-43.8
2025,3,Romania,-17.6
2025,4,Cyprus,-17.1
2025,4,Euro area – 20 countries (from 2023),-16.6
2025,4,European Union - 27 countries (from 2020),-15.9
2025,4,Greece,-46.8
2025,4,Romania,-18.5
2025,5,Cyprus,-15.8
2025,5,Euro area – 20 countries (from 2023),-15.1
2025,5,European Union - 27 countries (from 2020),-14.5
2025,5,Greece,-42.7
2025,5,Romania,-15.8
2025,6,Cyprus,-14.8
2025,6,Euro area – 20 countries (from 2023),-15.3
2025,6,European Union - 27 countries (from 2020),-14.8
2025,6,Greece,-46.9
2025,6,Romania,-25.1
2025,7,Cyprus,-19.1
2025,7,Euro area – 20 countries (from 2023),-14.7
2025,7,European Union - 27 countries (from 2020),-14.4
2025,7,Greece,-47.6
2025,7,Romania,-31.4
2025,8,Cyprus,-13.3
2025,8,Euro area – 20 countries (from 2023),-15.5
2025,8,European Union - 27 countries (from 2020),-14.8
2025,8,Greece,-48.8
2025,8,Romania,-31.4
2025,9,Cyprus,-12.2
2025,9,Euro area – 20 countries (from 2023),-14.9
2025,9,European Union - 27 countries (from 2020),-14.3
2025,9,Greece,-45.6
2025,9,Romania,-31.3
2025,10,Cyprus,-15.8
2025,10,Euro area – 20 countries (from 2023),-14.2
2025,10,European Union - 27 countries (from 2020),-13.5
2025,10,Greece,-47.6
2025,10,Romania,-30.5
2025,11,Cyprus,-13.6
2025,11,Euro area – 20 countries (from 2023),-14.2
2025,11,European Union - 27 countries (from 2020),-13.6
2025,11,Greece,-50.6
2025,11,Romania,-29.7
